{
    "rmse": 0.03333333333333333,
    "mae": 0.03333333333333333,
    "accuracy": 0.9666666666666667
}